Age,d18O
0.02,-35.16
0.04,-35.82
0.06,-35.11
0.08,-34.65
0.1,-34.53
0.12,-35.29
0.14,-35.02
0.16,-35.02
0.18,-35.78
0.2,-35.16
0.22,-35.61
0.24,-35.12
0.26,-35.79
0.28,-35.82
0.3,-35.36
0.32,-36.05
0.34,-35.39
0.36,-36.14
0.38,-35.33
0.4,-35.35
0.42,-35.72
0.44,-35.03
0.46,-35.61
0.48,-35.82
0.5,-34.93
0.52,-35.07
0.54,-35.87
0.56,-35.13
0.58,-34.98
0.6,-35.05
0.62,-35.53
0.64,-34.86
0.66,-35.25
0.68,-36.43
0.7,-35.07
0.72,-35.2
0.74,-35.49
0.76,-35.67
0.78,-35.4
0.8,-35.15
0.82,-35.8
0.84,-35.34
0.86,-35.62
0.88,-35.37
0.9,-35.59
0.92,-35.14
0.94,-35.45
0.96,-35.61
0.98,-35.92
1,-34.96
1.02,-35.24
1.04,-35.02
1.06,-35
1.08,-34.98
1.1,-35.41
1.12,-35.73
1.14,-35.35
1.16,-35.75
1.18,-35.45
1.2,-35.34
1.22,-35.38
1.24,-35.27
1.26,-35.15
1.28,-35.33
1.3,-35.33
1.32,-35.27
1.34,-35.14
1.36,-34.69
1.38,-35.44
1.4,-35.26
1.42,-35.14
1.44,-35.28
1.46,-34.43
1.48,-35.78
1.5,-35.33
1.52,-35.83
1.54,-35.39
1.56,-35.35
1.58,-35.74
1.6,-34.46
1.62,-34.64
1.64,-35.27
1.66,-35.86
1.68,-35.49
1.7,-35.27
1.72,-35.8
1.74,-34.93
1.76,-35.55
1.78,-35.9
1.8,-35.44
1.82,-35.47
1.84,-35.37
1.86,-35.04
1.88,-35.39
1.9,-34.49
1.92,-35.07
1.94,-34.43
1.96,-34.71
1.98,-35.1
2,-35.32
2.02,-35.11
2.04,-34.79
2.06,-35.35
2.08,-34.95
2.1,-34.89
2.12,-35.07
2.14,-35.46
2.16,-35.18
2.18,-36.07
2.2,-35.76
2.22,-35.2
2.24,-35.26
2.26,-34.84
2.28,-34.57
2.3,-34.81
2.32,-35.11
2.34,-34.94
2.36,-35.09
2.38,-35.26
2.4,-35.08
2.42,-34.68
2.44,-34.86
2.46,-35.32
2.48,-35.88
2.5,-35.48
2.52,-35.71
2.54,-34.83
2.56,-35.24
2.58,-34.84
2.6,-35.43
2.62,-35.06
2.64,-35.41
2.66,-35.14
2.68,-35.14
2.7,-35.43
2.72,-35.32
2.74,-35.12
2.76,-35.1
2.78,-34.83
2.8,-34.91
2.82,-34.99
2.84,-34.92
2.86,-34.63
2.88,-35.49
2.9,-35.2
2.92,-34.98
2.94,-34.81
2.96,-34.38
2.98,-34.81
3,-34.85
3.02,-34.79
3.04,-35.45
3.06,-35.14
3.08,-34.94
3.1,-35.14
3.12,-34.97
3.14,-34.87
3.16,-35.04
3.18,-35.26
3.2,-34.54
3.22,-35.25
3.24,-35.28
3.26,-34.76
3.28,-35.54
3.3,-35.25
3.32,-35.24
3.34,-34.89
3.36,-34.29
3.38,-34.98
3.4,-35.42
3.42,-34.66
3.44,-34.8
3.46,-34.67
3.48,-35.19
3.5,-35.28
3.52,-34.75
3.54,-35.1
3.56,-35.42
3.58,-34.77
3.6,-34.63
3.62,-35.09
3.64,-35.18
3.66,-34.93
3.68,-34.28
3.7,-34.71
3.72,-34.68
3.74,-34.41
3.76,-34.65
3.78,-35.36
3.8,-35.27
3.82,-34.78
3.84,-35.01
3.86,-35.17
3.88,-35.36
3.9,-34.9
3.92,-35.34
3.94,-35.16
3.96,-34.85
3.98,-35.12
4,-34.96
4.02,-35.14
4.04,-34.41
4.06,-35.2
4.08,-34.74
4.1,-35.53
4.12,-35.14
4.14,-34.87
4.16,-35.2
4.18,-34.72
4.2,-34.76
4.22,-34.5
4.24,-34.78
4.26,-35.01
4.28,-35.26
4.3,-34.92
4.32,-34.63
4.34,-34.79
4.36,-34.75
4.38,-35
4.4,-35.47
4.42,-35.2
4.44,-34.76
4.46,-34.06
4.48,-34.8
4.5,-35.15
4.52,-34.83
4.54,-35.27
4.56,-34.83
4.58,-34.21
4.6,-34.57
4.62,-34.51
4.64,-35.05
4.66,-34.69
4.68,-35.21
4.7,-35.02
4.72,-34.71
4.74,-34.79
4.76,-35.09
4.78,-34.54
4.8,-34.82
4.82,-34.66
4.84,-34.93
4.86,-34.42
4.88,-34.89
4.9,-34.79
4.92,-34.65
4.94,-34.55
4.96,-34.57
4.98,-34.08
5,-34.92
5.02,-34.79
5.04,-34.53
5.06,-34.8
5.08,-34.63
5.1,-34.84
5.12,-34.64
5.14,-35.11
5.16,-34.73
5.18,-35.05
5.2,-33.85
5.22,-34.63
5.24,-34.9
5.26,-34.74
5.28,-34.56
5.3,-35.27
5.32,-35.03
5.34,-34.77
5.36,-35.39
5.38,-34.96
5.4,-34.78
5.42,-35.1
5.44,-34.35
5.46,-34.81
5.48,-34.91
5.5,-34.47
5.52,-34.53
5.54,-34.7
5.56,-34.36
5.58,-34.22
5.6,-35.06
5.62,-34.78
5.64,-35.19
5.66,-33.88
5.68,-35.2
5.7,-35.18
5.72,-34.51
5.74,-35.25
5.76,-34.69
5.78,-34.71
5.8,-34.55
5.82,-34.5
5.84,-34.71
5.86,-35.02
5.88,-34.71
5.9,-33.95
5.92,-34.2
5.94,-34.61
5.96,-34.91
5.98,-34.73
6,-34.85
6.02,-35.03
6.04,-34.77
6.06,-34.78
6.08,-35.49
6.1,-34.27
6.12,-35.17
6.14,-34.71
6.16,-34.39
6.18,-34.42
6.2,-34.89
6.22,-34.89
6.24,-34.58
6.26,-34.6
6.28,-35.13
6.3,-34.38
6.32,-35.2
6.34,-34.55
6.36,-34.6
6.38,-34.86
6.4,-34.99
6.42,-34.23
6.44,-34.62
6.46,-34.07
6.48,-34.97
6.5,-34.32
6.52,-34.5
6.54,-34.53
6.56,-35.01
6.58,-34.97
6.6,-34.98
6.62,-34.45
6.64,-34.37
6.66,-34.61
6.68,-34.57
6.7,-34.74
6.72,-34.37
6.74,-34.49
6.76,-34.52
6.78,-34.58
6.8,-35.12
6.82,-34.69
6.84,-34.32
6.86,-34.36
6.88,-34.72
6.9,-34.56
6.92,-34.97
6.94,-34.32
6.96,-34.26
6.98,-35.11
7,-34.73
7.02,-34.47
7.04,-34.82
7.06,-34.9
7.08,-34.77
7.1,-34.4
7.12,-34.95
7.14,-34.97
7.16,-34.36
7.18,-35.28
7.2,-34.74
7.22,-34.68
7.24,-34.93
7.26,-34.87
7.28,-34.12
7.3,-34.84
7.32,-34.99
7.34,-34.73
7.36,-34.64
7.38,-34.74
7.4,-34.31
7.42,-34.55
7.44,-34.62
7.46,-34.5
7.48,-34.44
7.5,-33.88
7.52,-34.77
7.54,-34.78
7.56,-35.04
7.58,-34.34
7.6,-34.52
7.62,-34.08
7.64,-34.01
7.66,-34.88
7.68,-33.9
7.7,-34.01
7.72,-34.65
7.74,-34.26
7.76,-34.09
7.78,-34.75
7.8,-34.35
7.82,-34.13
7.84,-33.76
7.86,-34.35
7.88,-34.4
7.9,-34.62
7.92,-34.98
7.94,-34.51
7.96,-34.78
7.98,-34.83
8,-33.6
8.02,-34.04
8.04,-34.4
8.06,-34.43
8.08,-35.05
8.1,-34.51
8.12,-34.5
8.14,-33.96
8.16,-35.44
8.18,-35.68
8.2,-35.54
8.22,-36.06
8.24,-35.88
8.26,-36.03
8.28,-35.21
8.3,-35.68
8.32,-34.5
8.34,-34.7
8.36,-34.87
8.38,-34.95
8.4,-34.41
8.42,-35.36
8.44,-34.79
8.46,-34.46
8.48,-35.07
8.5,-34.7
8.52,-34.43
8.54,-34.83
8.56,-34.99
8.58,-34.59
8.6,-34.35
8.62,-34.83
8.64,-34.18
8.66,-35.02
8.68,-35.46
8.7,-35.21
8.72,-34.01
8.74,-34.92
8.76,-34.49
8.78,-35.34
8.8,-34.22
8.82,-35.57
8.84,-35.22
8.86,-34.08
8.88,-35.15
8.9,-34.57
8.92,-34.17
8.94,-34.3
8.96,-34.71
8.98,-34.57
9,-34.47
9.02,-34.68
9.04,-35.57
9.06,-35.18
9.08,-34.92
9.1,-34.73
9.12,-34.61
9.14,-34.98
9.16,-34.47
9.18,-34.34
9.2,-34.7
9.22,-34.83
9.24,-34.92
9.26,-35.62
9.28,-35.66
9.3,-36.05
9.32,-35.19
9.34,-35.04
9.36,-34.91
9.38,-34.56
9.4,-34.87
9.42,-34.8
9.44,-34.83
9.46,-35.12
9.48,-35.12
9.5,-34.92
9.52,-34.66
9.54,-35.01
9.56,-34.56
9.58,-34.98
9.6,-35.13
9.62,-34.95
9.64,-34.77
9.66,-34.96
9.68,-34.85
9.7,-34.84
9.72,-34.62
9.74,-34.68
9.76,-34.87
9.78,-34.66
9.8,-34.49
9.82,-35.12
9.84,-35.37
9.86,-35.22
9.88,-34.54
9.9,-35.06
9.92,-35.26
9.94,-34.85
9.96,-35.46
9.98,-34.65
10,-35.1
10.02,-34.94
10.04,-35.11
10.06,-35.79
10.08,-35.21
10.1,-35.32
10.12,-35.29
10.14,-35.45
10.16,-34.99
10.18,-35.02
10.2,-34.89
10.22,-35.93
10.24,-35.54
10.26,-36.33
10.28,-36.39
10.3,-36.01
10.32,-36.01
10.34,-35.2
10.36,-36.12
10.38,-36.18
10.4,-36.36
10.42,-35.96
10.44,-36.12
10.46,-36.04
10.48,-35.53
10.5,-36.34
10.52,-35.46
10.54,-35.73
10.56,-35.86
10.58,-35.99
10.6,-35.89
10.62,-36.12
10.64,-36.13
10.66,-36.16
10.68,-35.5
10.7,-35.77
10.72,-36.05
10.74,-36.45
10.76,-35.88
10.78,-36.22
10.8,-36.83
10.82,-35.84
10.84,-36.59
10.86,-36.09
10.88,-37.23
10.9,-37.6
10.92,-37.25
10.94,-37.15
10.96,-37
10.98,-38.01
11,-36.53
11.02,-37.05
11.04,-36.44
11.06,-36.64
11.08,-36.89
11.1,-37.11
11.12,-36.71
11.14,-36.43
11.16,-37.13
11.18,-36.62
11.2,-37.25
11.22,-37.39
11.24,-37.6
11.26,-36.57
11.28,-36.16
11.3,-36.58
11.32,-37.54
11.34,-36.67
11.36,-36.91
11.38,-37.45
11.4,-37.63
11.42,-37.11
11.44,-38.46
11.46,-38.26
11.48,-38.72
11.5,-37.41
11.52,-37.84
11.54,-36.9
11.56,-36.6
11.58,-36.87
11.6,-36.78
11.62,-36.41
11.64,-36.57
11.66,-36.68
11.68,-38.49
11.7,-39.04
11.72,-39.6
11.74,-39.72
11.76,-40.85
11.78,-40.55
11.8,-39.87
11.82,-40.45
11.84,-40.97
11.86,-39.17
11.88,-38.93
11.9,-41.52
11.92,-39.73
11.94,-41.94
11.96,-40.34
11.98,-41.54
12,-40.54
12.02,-39.6
12.04,-40.17
12.06,-39.32
12.08,-40.77
12.1,-40.74
12.12,-41.89
12.14,-40.61
12.16,-41.76
12.18,-42.09
12.2,-38.91
12.22,-41.4
12.24,-40.9
12.26,-39.9
12.28,-40.71
12.3,-41.01
12.32,-40.41
12.34,-40.95
12.36,-41.73
12.38,-41.17
12.4,-40.73
12.42,-41.21
12.44,-41.05
12.46,-41.39
12.48,-40.02
12.5,-41.91
12.52,-40.62
12.54,-39.09
12.56,-40.95
12.58,-40.54
12.6,-41.43
12.62,-42.71
12.64,-40.59
12.66,-41.82
12.68,-40.92
12.7,-42.27
12.72,-41.82
12.74,-41.95
12.76,-41.06
12.78,-39.86
12.8,-40.17
12.82,-40.36
12.84,-39.88
12.86,-38.98
12.88,-39.81
12.9,-40.11
12.92,-39.42
12.94,-37.79
12.96,-38.25
12.98,-39.11
13,-38.96
13.02,-39.87
13.04,-39.55
13.06,-39.49
13.08,-40.52
13.1,-39.77
13.12,-40.57
13.14,-40.17
13.16,-41.51
13.18,-40.08
13.2,-40.53
13.22,-40.1
13.24,-40.58
13.26,-39.45
13.28,-39.3
13.3,-38.97
13.32,-39.03
13.34,-39.35
13.36,-39.07
13.38,-38.56
13.4,-38.36
13.42,-38.76
13.44,-38.14
13.46,-38.56
13.48,-38.79
13.5,-38.33
13.52,-37.74
13.54,-38.08
13.56,-38.29
13.58,-38.99
13.6,-39.36
13.62,-39.64
13.64,-40.05
13.66,-39.21
13.68,-39.09
13.7,-38.67
13.72,-38.93
13.74,-37.66
13.76,-38.45
13.78,-39.42
13.8,-38.81
13.82,-37.86
13.84,-39.05
13.86,-37.96
13.88,-38
13.9,-38.43
13.92,-38.21
13.94,-38.61
13.96,-38.03
13.98,-39.99
14,-39.03
14.02,-39.73
14.04,-40.21
14.06,-39.9
14.08,-40.94
14.1,-38.05
14.12,-38.34
14.14,-38.01
14.16,-38.68
14.18,-38.04
14.2,-37.59
14.22,-37.46
14.24,-38.42
14.26,-37.76
14.28,-37.19
14.3,-37.13
14.32,-37.05
14.34,-37.54
14.36,-36.81
14.38,-37.49
14.4,-36.07
14.42,-37.17
14.44,-37.29
14.46,-37.04
14.48,-36.86
14.5,-36.26
14.52,-36.11
14.54,-36.14
14.56,-36.14
14.58,-36.98
14.6,-35.81
14.62,-36.74
14.64,-37.48
14.66,-37.52
14.68,-37.97
14.7,-40.64
14.72,-41.96
14.74,-42.47
14.76,-40.81
14.78,-41.03
14.8,-39.92
14.82,-40.68
14.84,-42.44
14.86,-40.78
14.88,-41.18
14.9,-40.14
14.92,-41.47
14.94,-41.76
14.96,-41.65
14.98,-40.88
15,-42.61
15.02,-42.37
15.04,-41.54
15.06,-43.17
15.08,-39.98
15.1,-43.51
15.12,-42.76
15.14,-40.12
15.16,-42.26
15.18,-42.99
15.2,-42.08
15.22,-40.57
15.24,-43.57
15.26,-40.55
15.28,-44.91
15.3,-41.99
15.32,-41.29
15.34,-42.08
15.36,-40.75
15.38,-40.66
15.4,-40.04
15.42,-43.26
15.44,-42.38
15.46,-42.89
15.48,-41.61
15.5,-41.95
15.52,-43.57
15.54,-41.88
15.56,-43.21
15.58,-44.56
15.6,-42.31
15.62,-42.15
15.64,-42.12
15.66,-42.2
15.68,-40.39
15.7,-43.5
15.72,-43.08
15.74,-44.63
15.76,-42.79
15.78,-44.02
15.8,-43.85
15.82,-40.21
15.84,-41.7
15.86,-41.15
15.88,-40.81
15.9,-43.15
15.92,-42.98
15.94,-41.55
15.96,-40.53
15.98,-41.6
16,-41.94
16.02,-42.3
16.04,-41.42
16.06,-41.29
16.08,-42.99
16.1,-44.97
16.12,-43.25
16.14,-40.35
16.16,-43.59
16.18,-41.86
16.2,-41.64
16.22,-44.27
16.24,-39.89
16.26,-42.36
16.28,-41.99
16.3,-40.71
16.32,-42.1
16.34,-42.33
16.36,-42.5
16.38,-39.74
16.4,-42.81
16.42,-41.62
16.44,-40.74
16.46,-42.58
16.48,-41.26
16.5,-41.18
16.52,-38.29
16.54,-40.38
16.56,-41.68
16.58,-41.52
16.6,-40.58
16.62,-42.77
16.64,-42.78
16.66,-40.88
16.68,-41.55
16.7,-40.65
16.72,-42.69
16.74,-39.36
16.76,-40.72
16.78,-41.8
16.8,-40.92
16.82,-39.26
16.84,-40.64
16.86,-39.46
16.88,-40.35
16.9,-40.3
16.92,-42.1
16.94,-41.25
16.96,-42.41
16.98,-40.69
17,-42.12
17.02,-40.42
17.04,-42.23
17.06,-40
17.08,-39.76
17.1,-38.99
17.12,-42.35
17.14,-39.8
17.16,-40.26
17.18,-40.48
17.2,-40.56
17.22,-40.17
17.24,-41.24
17.26,-42.24
17.28,-39.81
17.3,-39.8
17.32,-41.58
17.34,-40.55
17.36,-40.64
17.38,-39.94
17.4,-41.25
17.42,-42.94
17.44,-42.38
17.46,-41.52
17.48,-40.75
17.5,-40.72
17.52,-41.49
17.54,-41.22
17.56,-38.85
17.58,-40.46
17.6,-41.85
17.62,-39.58
17.64,-39.7
17.66,-40.89
17.68,-40.04
17.7,-40.7
17.72,-42.53
17.74,-41.35
17.76,-41.31
17.78,-41.04
17.8,-40.9
17.82,-38.95
17.84,-41.45
17.86,-42.4
17.88,-43.36
17.9,-41.14
17.92,-40.93
17.94,-42.52
17.96,-41.74
17.98,-43.47
18,-42.27
18.02,-42.68
18.04,-41.83
18.06,-40.5
18.08,-42.77
18.1,-42.9
18.12,-42.77
18.14,-42.99
18.16,-40.6
18.18,-40.68
18.2,-40.98
18.22,-42.25
18.24,-41.83
18.26,-41.63
18.28,-44.35
18.3,-42.17
18.32,-40.74
18.34,-43.78
18.36,-42.4
18.38,-43.02
18.4,-42.35
18.42,-41.89
18.44,-42.12
18.46,-42.25
18.48,-42.82
18.5,-40.04
18.52,-42.21
18.54,-41.75
18.56,-39.92
18.58,-40.92
18.6,-42.85
18.62,-41.37
18.64,-40.41
18.66,-40.96
18.68,-40.12
18.7,-41.7
18.72,-41.13
18.74,-41.01
18.76,-42.66
18.78,-42.25
18.8,-41.46
18.82,-41.24
18.84,-40.87
18.86,-41.97
18.88,-40.39
18.9,-40.26
18.92,-42.36
18.94,-42.09
18.96,-40.85
18.98,-42.11
19,-41.29
19.02,-42.16
19.04,-40.04
19.06,-42.61
19.08,-41.81
19.1,-42.03
19.12,-41.5
19.14,-42.48
19.16,-42.75
19.18,-41.38
19.2,-43.74
19.22,-42.52
19.24,-40.54
19.26,-43.75
19.28,-41.23
19.3,-42.72
19.32,-40.42
19.34,-41.28
19.36,-41.68
19.38,-41.75
19.4,-42.86
19.42,-43.07
19.44,-42.36
19.46,-40.85
19.48,-41.35
19.5,-42.17
19.52,-41.37
19.54,-42.65
19.56,-40.93
19.58,-42.56
19.6,-40.46
19.62,-40.83
19.64,-40.89
19.66,-41.84
19.68,-39.93
19.7,-41.5
19.72,-42.05
19.74,-41.43
19.76,-41.4
19.78,-41.63
19.8,-42.8
19.82,-43.02
19.84,-41.4
19.86,-40.22
19.88,-40.69
19.9,-41.43
19.92,-40.66
19.94,-41.6
19.96,-42.62
19.98,-42.14
20,-42.66
20.02,-41.97
20.04,-41.69
20.06,-42.76
20.08,-42.71
20.1,-41.33
20.12,-42.68
20.14,-42.01
20.16,-42.6
20.18,-42.19
20.2,-42.79
20.22,-40.37
20.24,-41.4
20.26,-42.46
20.28,-42.54
20.3,-41.92
20.32,-42.38
20.34,-43.13
20.36,-41.86
20.38,-43.12
20.4,-44.51
20.42,-42.45
20.44,-43.21
20.46,-43.52
20.48,-42.04
20.5,-41.92
20.52,-43.2
20.54,-43.36
20.56,-44.97
20.58,-42.52
20.6,-42.06
20.62,-41.89
20.64,-42.42
20.66,-40.62
20.68,-40.09
20.7,-43.6
20.72,-42.12
20.74,-39.93
20.76,-42.75
20.78,-42.39
20.8,-42.98
20.82,-40.72
20.84,-43.35
20.86,-42.55
20.88,-42.08
20.9,-43.27
20.92,-42.27
20.94,-43.93
20.96,-42.95
20.98,-43.09
21,-44.85
21.02,-43.5
21.04,-42.52
21.06,-42.26
21.08,-43.68
21.1,-43.31
21.12,-42.63
21.14,-41.83
21.16,-42.08
21.18,-41.92
21.2,-43.89
21.22,-42.88
21.24,-43.91
21.26,-42.58
21.28,-42.68
21.3,-41.02
21.32,-41.96
21.34,-42.42
21.36,-43.83
21.38,-42.06
21.4,-42.52
21.42,-43.75
21.44,-41.22
21.46,-42.34
21.48,-43.06
21.5,-44.58
21.52,-41.88
21.54,-42.04
21.56,-42.86
21.58,-42.1
21.6,-41.02
21.62,-42.87
21.64,-41.93
21.66,-43.4
21.68,-42.04
21.7,-41.6
21.72,-44.16
21.74,-43.94
21.76,-42.49
21.78,-43.68
21.8,-43.51
21.82,-43.1
21.84,-42.76
21.86,-43.59
21.88,-43.13
21.9,-41.36
21.92,-41.9
21.94,-42.24
21.96,-42.45
21.98,-42.68
22,-42.6
22.02,-42.55
22.04,-41.88
22.06,-40.51
22.08,-43.27
22.1,-40.99
22.12,-43.28
22.14,-42.03
22.16,-41
22.18,-42.17
22.2,-41.51
22.22,-41.53
22.24,-41.15
22.26,-41.44
22.28,-42.32
22.3,-42.41
22.32,-43.05
22.34,-42.69
22.36,-41.05
22.38,-43.67
22.4,-42.38
22.42,-43.47
22.44,-42.36
22.46,-42.51
22.48,-41.82
22.5,-42
22.52,-43.97
22.54,-43.04
22.56,-42.77
22.58,-42.05
22.6,-42.34
22.62,-41.7
22.64,-42.74
22.66,-42.96
22.68,-43.02
22.7,-43.31
22.72,-42.72
22.74,-40.56
22.76,-40.83
22.78,-40.19
22.8,-42.56
22.82,-41.26
22.84,-42.21
22.86,-41.82
22.88,-43.69
22.9,-42.37
22.92,-41.04
22.94,-42.02
22.96,-40.35
22.98,-41.31
23,-41.83
23.02,-42.79
23.04,-42.06
23.06,-41.94
23.08,-42.18
23.1,-43.6
23.12,-43.04
23.14,-42.03
23.16,-41.85
23.18,-42.78
23.2,-41.48
23.22,-41.17
23.24,-41.93
23.26,-41.22
23.28,-40.28
23.3,-39.11
23.32,-40.34
23.34,-40.04
23.36,-41.21
23.38,-42.47
23.4,-42.83
23.42,-44.36
23.44,-42.78
23.46,-42.41
23.48,-41.87
23.5,-42.04
23.52,-44.64
23.54,-44.12
23.56,-44.64
23.58,-44.25
23.6,-41.8
23.62,-44.75
23.64,-44.64
23.66,-42.81
23.68,-43.13
23.7,-44.55
23.72,-45.29
23.74,-43.41
23.76,-41.51
23.78,-44.11
23.8,-43.95
23.82,-43.84
23.84,-44.14
23.86,-44.13
23.88,-43.66
23.9,-43.11
23.92,-43.53
23.94,-42.93
23.96,-44.44
23.98,-43.86
24,-40.99
24.02,-42.65
24.04,-42.48
24.06,-44.11
24.08,-44.03
24.1,-44.24
24.12,-42.92
24.14,-44.3
24.16,-43.05
24.18,-44.18
24.2,-42.27
24.22,-44.34
24.24,-44.51
24.26,-44.33
24.28,-43.6
24.3,-43.86
24.32,-41.79
24.34,-43.65
24.36,-43.11
24.38,-44.07
24.4,-43.88
24.42,-44.29
24.44,-42.3
24.46,-42.04
24.48,-44.64
24.5,-43.01
24.52,-42.93
24.54,-43.63
24.56,-43.8
24.58,-42.72
24.6,-42.02
24.62,-43.29
24.64,-42.78
24.66,-45.76
24.68,-43.64
24.7,-44.79
24.72,-42.48
24.74,-42.71
24.76,-43.02
24.78,-44.34
24.8,-43.24
24.82,-45.27
24.84,-44.28
24.86,-43.69
24.88,-44.14
24.9,-44.93
24.92,-44.77
24.94,-43.33
24.96,-41.88
24.98,-43.23
25,-42.66
25.02,-42.41
25.04,-43.54
25.06,-42.71
25.08,-43.66
25.1,-44.35
25.12,-44.14
25.14,-44.35
25.16,-43.05
25.18,-42.74
25.2,-43.11
25.22,-43.42
25.24,-42.35
25.26,-44.12
25.28,-43.08
25.3,-43.91
25.32,-43.14
25.34,-44.02
25.36,-43.4
25.38,-42.2
25.4,-43.45
25.42,-43.65
25.44,-45.14
25.46,-44.36
25.48,-45.3
25.5,-44.09
25.52,-42.41
25.54,-41.35
25.56,-42.65
25.58,-45.02
25.6,-43.6
25.62,-43.17
25.64,-43
25.66,-44.91
25.68,-44.45
25.7,-46.11
25.72,-43.74
25.74,-43.94
25.76,-45.14
25.78,-43.34
25.8,-43.46
25.82,-44.1
25.84,-43.96
25.86,-45.11
25.88,-44.4
25.9,-44.55
25.92,-44.51
25.94,-42.56
25.96,-43.2
25.98,-44.36
26,-42.59
26.02,-44.19
26.04,-45.64
26.06,-43.37
26.08,-42.39
26.1,-43.78
26.12,-41.93
26.14,-44.14
26.16,-42.56
26.18,-42.46
26.2,-41.67
26.22,-43.1
26.24,-42.19
26.26,-44.16
26.28,-43.22
26.3,-42.92
26.32,-43.21
26.34,-42.18
26.36,-42.76
26.38,-42.87
26.4,-41.74
26.42,-42.75
26.44,-42.85
26.46,-43.4
26.48,-43.25
26.5,-42.75
26.52,-44.69
26.54,-44.44
26.56,-46.5
26.58,-45.54
26.6,-43.31
26.62,-43.22
26.64,-44.2
26.66,-43.05
26.68,-43.1
26.7,-43.63
26.72,-43.09
26.74,-43.5
26.76,-44.54
26.78,-43.78
26.8,-44.37
26.82,-44.73
26.84,-42.85
26.86,-42.83
26.88,-44.65
26.9,-43.44
26.92,-43.13
26.94,-44.22
26.96,-43.1
26.98,-41.77
27,-43.73
27.02,-43.44
27.04,-44
27.06,-44.59
27.08,-43.95
27.1,-42.86
27.12,-42.44
27.14,-41.29
27.16,-44.38
27.18,-41.8
27.2,-43.26
27.22,-43.39
27.24,-43.19
27.26,-43.21
27.28,-43.05
27.3,-43.45
27.32,-43.13
27.34,-44.58
27.36,-43.26
27.38,-44.36
27.4,-43.64
27.42,-44.89
27.44,-44.91
27.46,-43.95
27.48,-44.47
27.5,-42.95
27.52,-42.51
27.54,-43.01
27.56,-41.71
27.58,-41.07
27.6,-40.93
27.62,-40.98
27.64,-39.39
27.66,-39.42
27.68,-40.29
27.7,-40.41
27.72,-38.84
27.74,-38.22
27.76,-38.37
27.78,-39.46
27.8,-43.8
27.82,-43.26
27.84,-44.26
27.86,-44.15
27.88,-41.95
27.9,-44.87
27.92,-44.54
27.94,-43.23
27.96,-43.67
27.98,-43.86
28,-44.03
28.02,-45
28.04,-44.97
28.06,-44
28.08,-44.8
28.1,-44.92
28.12,-43.77
28.14,-43.94
28.16,-43.08
28.18,-46.28
28.2,-43.68
28.22,-43.65
28.24,-44.78
28.26,-44.58
28.28,-44.91
28.3,-43.64
28.32,-42.04
28.34,-45.54
28.36,-44.62
28.38,-42.71
28.4,-44.9
28.42,-42.91
28.44,-43.38
28.46,-44.1
28.48,-44.35
28.5,-45.03
28.52,-43.34
28.54,-42.38
28.56,-43.96
28.58,-43.12
28.6,-42.98
28.62,-40.88
28.64,-40.77
28.66,-40.52
28.68,-40.21
28.7,-40.17
28.72,-41.1
28.74,-40.14
28.76,-40.78
28.78,-40.49
28.8,-38.62
28.82,-39.1
28.84,-39.6
28.86,-40.05
28.88,-40.01
28.9,-42.08
28.92,-43.87
28.94,-43.58
28.96,-43.1
28.98,-43.32
29,-45.38
29.02,-44.58
29.04,-44
29.06,-43.34
29.08,-43.85
29.1,-45.15
29.12,-43.98
29.14,-44.89
29.16,-42.89
29.18,-43.79
29.2,-45.31
29.22,-43.82
29.24,-42.86
29.26,-45.81
29.28,-44.05
29.3,-43.67
29.32,-44.52
29.34,-42.8
29.36,-44.88
29.38,-43.81
29.4,-43.22
29.42,-43.34
29.44,-43.94
29.46,-45.35
29.48,-44.63
29.5,-43.92
29.52,-46.36
29.54,-44.45
29.56,-44.09
29.58,-44.61
29.6,-45.84
29.62,-46.22
29.64,-44.46
29.66,-43.01
29.68,-44.9
29.7,-46.45
29.72,-44.21
29.74,-46.14
29.76,-44.54
29.78,-44.42
29.8,-43.57
29.82,-44.05
29.84,-45.18
29.86,-44.54
29.88,-43.74
29.9,-44.68
29.92,-44.48
29.94,-43.72
29.96,-44.63
29.98,-44.08
30,-42.98
30.02,-43.67
30.04,-45.52
30.06,-45.7
30.08,-43.85
30.1,-44.95
30.12,-46.25
30.14,-44.21
30.16,-45.03
30.18,-44.59
30.2,-43.06
30.22,-45.43
30.24,-44.55
30.26,-44.65
30.28,-45.24
30.3,-44.76
30.32,-44.87
30.34,-43.49
30.36,-44.28
30.38,-42.29
30.4,-43.97
30.42,-44.73
30.44,-44.93
30.46,-45.24
30.48,-44.77
30.5,-43.95
30.52,-43.47
30.54,-43.49
30.56,-44.21
30.58,-42.71
30.6,-44.22
30.62,-43.29
30.64,-43.8
30.66,-41.58
30.68,-42.44
30.7,-43.39
30.72,-42.22
30.74,-42.69
30.76,-42.05
30.78,-42.01
30.8,-44.03
30.82,-45.08
30.84,-42.83
30.86,-43.9
30.88,-42.45
30.9,-43.19
30.92,-43.76
30.94,-44.79
30.96,-45.37
30.98,-43.42
31,-44.4
31.02,-42.99
31.04,-44.97
31.06,-41.75
31.08,-44.27
31.1,-44.2
31.12,-44.13
31.14,-43.08
31.16,-43.57
31.18,-42.73
31.2,-45.16
31.22,-43.7
31.24,-44.25
31.26,-44.18
31.28,-43.7
31.3,-43.97
31.32,-42.79
31.34,-43.63
31.36,-43.67
31.38,-44.36
31.4,-45.2
31.42,-43.57
31.44,-43.09
31.46,-44.57
31.48,-41.65
31.5,-43.28
31.52,-45.39
31.54,-43.86
31.56,-43.37
31.58,-44.74
31.6,-43.33
31.62,-43.98
31.64,-44.19
31.66,-43.69
31.68,-44.29
31.7,-43.64
31.72,-43.2
31.74,-42.67
31.76,-43.16
31.78,-45.06
31.8,-43.26
31.82,-43.37
31.84,-43.5
31.86,-45.22
31.88,-42.81
31.9,-44.89
31.92,-42.76
31.94,-44.23
31.96,-43.48
31.98,-44.16
32,-42.54
32.02,-44.45
32.04,-43.87
32.06,-41.4
32.08,-41.72
32.1,-41.23
32.12,-42.79
32.14,-40.5
32.16,-41.06
32.18,-40.69
32.2,-40.85
32.22,-40.59
32.24,-39.86
32.26,-40.34
32.28,-40.7
32.3,-40.51
32.32,-40.7
32.34,-40.42
32.36,-40.44
32.38,-39.83
32.4,-39.04
32.42,-40.38
32.44,-39.61
32.46,-38.81
32.48,-38.91
32.5,-40.14
32.52,-42.38
32.54,-43.82
32.56,-43.57
32.58,-44.14
32.6,-43.77
32.62,-43.67
32.64,-43.3
32.66,-44.81
32.68,-43.29
32.7,-45.77
32.72,-44.61
32.74,-44.58
32.76,-43.09
32.78,-43.42
32.8,-45.03
32.82,-45.25
32.84,-44.84
32.86,-44.81
32.88,-45.78
32.9,-44.23
32.92,-44.07
32.94,-43.85
32.96,-42.07
32.98,-42.72
33,-44.33
33.02,-43.76
33.04,-43.83
33.06,-42.67
33.08,-43.84
33.1,-44.33
33.12,-44.15
33.14,-44.25
33.16,-43.29
33.18,-42.87
33.2,-42.7
33.22,-43.14
33.24,-44.7
33.26,-43.02
33.28,-43.44
33.3,-43.61
33.32,-45.89
33.34,-43.29
33.36,-43.35
33.38,-41.9
33.4,-41.15
33.42,-41.56
33.44,-40.98
33.46,-39.74
33.48,-40.08
33.5,-39.61
33.52,-40.44
33.54,-40.32
33.56,-38.92
33.58,-39.98
33.6,-39.96
33.62,-39.7
33.64,-39.91
33.66,-40.07
33.68,-38.59
33.7,-39.06
33.72,-39.83
33.74,-40.52
33.76,-41.82
33.78,-41.98
33.8,-42.06
33.82,-42.39
33.84,-42.4
33.86,-42.16
33.88,-44.12
33.9,-41.36
33.92,-43.39
33.94,-42.95
33.96,-42.82
33.98,-44.86
34,-42.81
34.02,-43.39
34.04,-42.27
34.06,-42.68
34.08,-43.05
34.1,-42.22
34.12,-43.3
34.14,-43.07
34.16,-42.13
34.18,-42.34
34.2,-43.38
34.22,-43.15
34.24,-41.84
34.26,-42.67
34.28,-42.3
34.3,-43.47
34.32,-44.04
34.34,-43.38
34.36,-42.35
34.38,-42.41
34.4,-44.39
34.42,-42.63
34.44,-43.15
34.46,-42.33
34.48,-41.98
34.5,-43.23
34.52,-42.7
34.54,-43.39
34.56,-43.95
34.58,-42.59
34.6,-43.1
34.62,-43.92
34.64,-43.51
34.66,-41.78
34.68,-41.32
34.7,-42.26
34.72,-43.09
34.74,-44.35
34.76,-40.9
34.78,-40.22
34.8,-39.35
34.82,-40.4
34.84,-40.99
34.86,-40.21
34.88,-40.35
34.9,-41.16
34.92,-40.45
34.94,-41.79
34.96,-40.08
34.98,-41.3
35,-41.06
35.02,-41.15
35.04,-40.04
35.06,-39.72
35.08,-39.08
35.1,-39.52
35.12,-40.02
35.14,-40.36
35.16,-39.75
35.18,-39.31
35.2,-40.11
35.22,-40.46
35.24,-38.74
35.26,-39.64
35.28,-39.32
35.3,-39.82
35.32,-39.21
35.34,-39.61
35.36,-38.48
35.38,-38.81
35.4,-39.45
35.42,-38.8
35.44,-38.25
35.46,-39.18
35.48,-39.46
35.5,-40.96
35.52,-42.74
35.54,-42.95
35.56,-44.65
35.58,-40.86
35.6,-43.18
35.62,-42.78
35.64,-42.88
35.66,-41.54
35.68,-42.92
35.7,-42.91
35.72,-41.75
35.74,-41.57
35.76,-41.3
35.78,-44.02
35.8,-43.05
35.82,-43.14
35.84,-44.11
35.86,-44.88
35.88,-44.37
35.9,-44.75
35.92,-43.88
35.94,-44.02
35.96,-41.76
35.98,-43.07
36,-42.45
36.02,-43.33
36.04,-43.34
36.06,-43.63
36.08,-43.2
36.1,-43.09
36.12,-43.11
36.14,-42.56
36.16,-43.05
36.18,-42.43
36.2,-40.64
36.22,-43.78
36.24,-42.71
36.26,-43.12
36.28,-43.18
36.3,-44.56
36.32,-42.31
36.34,-43.35
36.36,-41.17
36.38,-41.89
36.4,-42.49
36.42,-43.57
36.44,-41.99
36.46,-43.74
36.48,-41.83
36.5,-41.87
36.52,-41.4
36.54,-43.4
36.56,-43
36.58,-43.04
36.6,-42.38
36.62,-41.52
36.64,-41.92
36.66,-39.88
36.68,-40.22
36.7,-41.79
36.72,-41.09
36.74,-40.73
36.76,-41.32
36.78,-41.36
36.8,-41.23
36.82,-41.37
36.84,-39.93
36.86,-41.13
36.88,-41.21
36.9,-41.19
36.92,-41.51
36.94,-41.47
36.96,-42.16
36.98,-41.18
37,-41.03
37.02,-40.84
37.04,-41.21
37.06,-41.45
37.08,-40.73
37.1,-40.78
37.12,-41.31
37.14,-40.04
37.16,-40.52
37.18,-40.26
37.2,-39.92
37.22,-39.47
37.24,-39.69
37.26,-39.35
37.28,-40.4
37.3,-39.95
37.32,-39.39
37.34,-38.89
37.36,-39.43
37.38,-40.84
37.4,-40.19
37.42,-40.76
37.44,-39.03
37.46,-39.16
37.48,-38.75
37.5,-38.55
37.52,-39.31
37.54,-39.96
37.56,-38.6
37.58,-38.63
37.6,-38.5
37.62,-39.6
37.64,-39.04
37.66,-38.7
37.68,-39.19
37.7,-38.56
37.72,-38.73
37.74,-39.29
37.76,-38.75
37.78,-39.11
37.8,-38.89
37.82,-39.04
37.84,-39.37
37.86,-38.75
37.88,-39.66
37.9,-39.17
37.92,-38.92
37.94,-39.18
37.96,-38.97
37.98,-38.13
38,-39.07
38.02,-38.88
38.04,-38.16
38.06,-38.75
38.08,-39.01
38.1,-38.67
38.12,-38.21
38.14,-37.87
38.16,-38.22
38.18,-38.53
38.2,-37.58
38.22,-39.55
38.24,-42.16
38.26,-41.77
38.28,-42.12
38.3,-42.1
38.32,-42.05
38.34,-42.62
38.36,-43.3
38.38,-43.48
38.4,-41.51
38.42,-43.54
38.44,-39.9
38.46,-41.88
38.48,-43.58
38.5,-41.92
38.52,-41.41
38.54,-44.24
38.56,-43
38.58,-43.1
38.6,-41.8
38.62,-44.31
38.64,-42.12
38.66,-42.77
38.68,-42.74
38.7,-43.76
38.72,-44.41
38.74,-42.34
38.76,-43.42
38.78,-42.78
38.8,-44.18
38.82,-43.23
38.84,-43.39
38.86,-43.54
38.88,-42.41
38.9,-41.67
38.92,-42.86
38.94,-43.23
38.96,-41.34
38.98,-42.51
39,-41.68
39.02,-43.85
39.04,-44.43
39.06,-45.16
39.08,-42.13
39.1,-43.08
39.12,-44.58
39.14,-43.24
39.16,-43.68
39.18,-43.45
39.2,-42.28
39.22,-43
39.24,-44.15
39.26,-43.43
39.28,-44.21
39.3,-43.4
39.32,-42.61
39.34,-44.15
39.36,-42.37
39.38,-43.58
39.4,-43.74
39.42,-43.61
39.44,-41.92
39.46,-41.65
39.48,-44.66
39.5,-44.17
39.52,-44.32
39.54,-43.43
39.56,-42.24
39.58,-42.56
39.6,-41.71
39.62,-44.69
39.64,-43.47
39.66,-43.03
39.68,-42.35
39.7,-42.48
39.72,-43.06
39.74,-44.26
39.76,-42.15
39.78,-43.67
39.8,-42.32
39.82,-42.84
39.84,-44.11
39.86,-43.49
39.88,-43.54
39.9,-42.61
39.92,-42.21
39.94,-42.19
39.96,-42.19
39.98,-41.6
40,-40.85
40.02,-40.35
40.04,-40.83
40.06,-40.71
40.08,-40.5
40.1,-39.67
40.12,-40.59
40.14,-39.45
40.16,-40.84
40.18,-42.55
40.2,-43.72
40.22,-42.58
40.24,-42.09
40.26,-42.53
40.28,-42.07
40.3,-42.49
40.32,-42.12
40.34,-41.98
40.36,-42.4
40.38,-42.41
40.4,-41.76
40.42,-42.37
40.44,-42.28
40.46,-43
40.48,-42.07
40.5,-42.32
40.52,-41.79
40.54,-41.92
40.56,-42.41
40.58,-43.4
40.6,-43
40.62,-42.58
40.64,-45.42
40.66,-42.57
40.68,-42.49
40.7,-42.86
40.72,-44.29
40.74,-42.54
40.76,-44.53
40.78,-43.86
40.8,-43.19
40.82,-41.04
40.84,-42.59
40.86,-41.46
40.88,-42.63
40.9,-41.98
40.92,-42.35
40.94,-41.3
40.96,-42.16
40.98,-40.41
41,-41.18
41.02,-40.8
41.04,-39.59
41.06,-39.83
41.08,-40.35
41.1,-39.6
41.12,-39.22
41.14,-40.36
41.16,-39.7
41.18,-41.25
41.2,-39.25
41.22,-39.36
41.24,-40.13
41.26,-39.84
41.28,-39.94
41.3,-38.34
41.32,-39.47
41.34,-39.41
41.36,-39.97
41.38,-38.94
41.4,-38.82
41.42,-38.56
41.44,-38.36
41.46,-39.79
41.48,-41.75
41.5,-43.22
41.52,-42.27
41.54,-41.32
41.56,-43.49
41.58,-42.76
41.6,-42.71
41.62,-41.75
41.64,-42.31
41.66,-41.7
41.68,-43.61
41.7,-42.91
41.72,-41.92
41.74,-41.67
41.76,-43.75
41.78,-43.27
41.8,-43.6
41.82,-42.85
41.84,-42.23
41.86,-41.83
41.88,-42.57
41.9,-43.06
41.92,-43.66
41.94,-42.47
41.96,-42.06
41.98,-42.84
42,-43.2
42.02,-43.92
42.04,-42.03
42.06,-42.11
42.08,-43.49
42.1,-42.25
42.12,-42.64
42.14,-41.52
42.16,-41.73
42.18,-42.12
42.2,-42.27
42.22,-42.17
42.24,-42.03
42.26,-41.73
42.28,-42.66
42.3,-40.57
42.32,-39.58
42.34,-41.5
42.36,-40.62
42.38,-41.26
42.4,-40.76
42.42,-40.78
42.44,-40.31
42.46,-41.63
42.48,-41.73
42.5,-41.87
42.52,-41.14
42.54,-40.6
42.56,-41.03
42.58,-41.65
42.6,-40.93
42.62,-39.99
42.64,-40.38
42.66,-41
42.68,-40.64
42.7,-39.68
42.72,-39.29
42.74,-40.39
42.76,-39.4
42.78,-39.66
42.8,-40.2
42.82,-39.53
42.84,-39.43
42.86,-39.54
42.88,-39.47
42.9,-39.83
42.92,-38.67
42.94,-38.99
42.96,-39.05
42.98,-39.63
43,-39.36
43.02,-38.48
43.04,-38.04
43.06,-38.64
43.08,-38.72
43.1,-38.06
43.12,-38.81
43.14,-39.55
43.16,-38.85
43.18,-39.52
43.2,-39.76
43.22,-40.75
43.24,-39.45
43.26,-38.95
43.28,-39.66
43.3,-39.32
43.32,-38.45
43.34,-39.91
43.36,-41.07
43.38,-42.46
43.4,-41.46
43.42,-41.48
43.44,-42.01
43.46,-42.98
43.48,-43.81
43.5,-42.61
43.52,-43.85
43.54,-42.36
43.56,-43.59
43.58,-43.73
43.6,-44.04
43.62,-44.15
43.64,-43.39
43.66,-43.19
43.68,-42.07
43.7,-42.91
43.72,-41.53
43.74,-42.23
43.76,-42.84
43.78,-41.82
43.8,-42.67
43.82,-41.52
43.84,-42.94
43.86,-40.43
43.88,-42.67
43.9,-42.07
43.92,-42.98
43.94,-43.96
43.96,-42.26
43.98,-44.78
44,-41.3
44.02,-41.83
44.04,-42.68
44.06,-41.94
44.08,-43.58
44.1,-43.12
44.12,-42.69
44.14,-43.81
44.16,-43.65
44.18,-43.57
44.2,-41.84
44.22,-41.67
44.24,-43.41
44.26,-43.1
44.28,-44.04
44.3,-41.5
44.32,-41.98
44.34,-41.75
44.36,-41.75
44.38,-41.15
44.4,-39.87
44.42,-39.43
44.44,-40.91
44.46,-39.81
44.48,-40.27
44.5,-39.29
44.52,-40.54
44.54,-41.07
44.56,-40.45
44.58,-41.51
44.6,-42.56
44.62,-41.59
44.64,-41.77
44.66,-41.4
44.68,-42.16
44.7,-40.59
44.72,-40.24
44.74,-40.66
44.76,-41.38
44.78,-40.17
44.8,-41.68
44.82,-41.54
44.84,-40.86
44.86,-40.57
44.88,-42.54
44.9,-41.99
44.92,-41.29
44.94,-41.13
44.96,-41.5
44.98,-40.01
45,-41.01
45.02,-39.76
45.04,-41.47
45.06,-40.78
45.08,-40.93
45.1,-40.89
45.12,-40.74
45.14,-39.95
45.16,-41.65
45.18,-41.05
45.2,-40.35
45.22,-39.91
45.24,-40.36
45.26,-40.21
45.28,-41.72
45.3,-39.81
45.32,-41.26
45.34,-41.38
45.36,-40.48
45.38,-41.17
45.4,-40.53
45.42,-40.48
45.44,-40.39
45.46,-39.13
45.48,-39.65
45.5,-39.44
45.52,-40.56
45.54,-40
45.56,-40.06
45.58,-40.54
45.6,-39.23
45.62,-39.24
45.64,-39.16
45.66,-40.16
45.68,-39.21
45.7,-38.93
45.72,-39.77
45.74,-39.69
45.76,-39.27
45.78,-39.96
45.8,-38.8
45.82,-39.41
45.84,-40.46
45.86,-39.18
45.88,-39.71
45.9,-38.89
45.92,-39.47
45.94,-39.06
45.96,-39.56
45.98,-40.41
46,-39
46.02,-39.4
46.04,-38.7
46.06,-38.03
46.08,-38.41
46.1,-38.82
46.12,-39.36
46.14,-39.35
46.16,-39
46.18,-38.62
46.2,-39.1
46.22,-38.86
46.24,-38.63
46.26,-38.73
46.28,-38.93
46.3,-38.85
46.32,-38.91
46.34,-39.54
46.36,-38.48
46.38,-39.21
46.4,-38.55
46.42,-39.36
46.44,-39.08
46.46,-38.64
46.48,-38
46.5,-37.42
46.52,-38.29
46.54,-38.56
46.56,-38.55
46.58,-39
46.6,-39.41
46.62,-38.63
46.64,-37.78
46.66,-37.45
46.68,-38.35
46.7,-38.25
46.72,-37.61
46.74,-37.73
46.76,-38.23
46.78,-38.45
46.8,-37.22
46.82,-37.28
46.84,-37.07
46.86,-41.04
46.88,-40.54
46.9,-43.6
46.92,-41.07
46.94,-42.62
46.96,-41.63
46.98,-43.03
47,-42.48
47.02,-42.85
47.04,-43.34
47.06,-42.85
47.08,-43.12
47.1,-42.53
47.12,-41.24
47.14,-41.88
47.16,-42.84
47.18,-44.25
47.2,-42.85
47.22,-41.65
47.24,-42.6
47.26,-43.73
47.28,-42.86
47.3,-43.24
47.32,-41.82
47.34,-41.91
47.36,-41.68
47.38,-42.28
47.4,-42.52
47.42,-43.13
47.44,-44.59
47.46,-42.1
47.48,-44.59
47.5,-43.9
47.52,-43.66
47.54,-43.77
47.56,-41.16
47.58,-42.81
47.6,-41.37
47.62,-42.4
47.64,-41.32
47.66,-42.12
47.68,-42.85
47.7,-43.37
47.72,-42.44
47.74,-43.5
47.76,-44.61
47.78,-43.94
47.8,-42.96
47.82,-43.73
47.84,-43.17
47.86,-40.51
47.88,-42.2
47.9,-42.63
47.92,-43.42
47.94,-43.93
47.96,-41.88
47.98,-43.61
48,-42.33
48.02,-44.1
48.04,-41.83
48.06,-42.48
48.08,-43.66
48.1,-43.4
48.12,-43.28
48.14,-44.49
48.16,-45.08
48.18,-43.8
48.2,-43.7
48.22,-43
48.24,-42.88
48.26,-44.33
48.28,-43.59
48.3,-42.82
48.32,-43.32
48.34,-42.88
48.36,-41.42
48.38,-42.35
48.4,-42.56
48.42,-42.98
48.44,-41.44
48.46,-42.99
48.48,-41.38
48.5,-41.65
48.52,-41.18
48.54,-40.5
48.56,-40.57
48.58,-40.88
48.6,-41.71
48.62,-41.52
48.64,-41.44
48.66,-41.1
48.68,-40.4
48.7,-42.06
48.72,-41.19
48.74,-40.41
48.76,-40.56
48.78,-41.63
48.8,-40.68
48.82,-41.45
48.84,-40.99
48.86,-39.56
48.88,-39.9
48.9,-40.05
48.92,-39.93
48.94,-39.58
48.96,-39.06
48.98,-39.74
49,-39.67
49.02,-39.21
49.04,-40.25
49.06,-40.32
49.08,-41.91
49.1,-41.96
49.12,-42.22
49.14,-40.68
49.16,-39.58
49.18,-39.97
49.2,-39.16
49.22,-39.01
49.24,-39.39
49.26,-38.39
49.28,-40.42
49.3,-41.2
49.32,-41.88
49.34,-41
49.36,-42.38
49.38,-41.96
49.4,-42.46
49.42,-42.67
49.44,-41.75
49.46,-42
49.48,-41.54
49.5,-41.13
49.52,-41.51
49.54,-41.24
49.56,-40.71
49.58,-41.8
49.6,-41.1
49.62,-40.94
49.64,-39.9
49.66,-40.73
49.68,-39.94
49.7,-40.8
49.72,-40.3
49.74,-40.08
49.76,-40.6
49.78,-40.9
49.8,-40.05
49.82,-40.84
49.84,-40.52
49.86,-40.33
49.88,-40.27
49.9,-41.32
49.92,-40.9
49.94,-41.15
49.96,-40.42
49.98,-41.12
50,-40.84
50.02,-39.78
50.04,-39.06
50.06,-41.16
50.08,-39.61
50.1,-40.69
50.12,-41.09
50.14,-41.46
50.16,-39.93
50.18,-40.6
50.2,-40.77
50.22,-40.38
50.24,-40.18
50.26,-40.18
50.28,-41.18
50.3,-41.45
50.32,-39.98
50.34,-41.4
50.36,-40.94
50.38,-40.18
50.4,-40.24
50.42,-40.41
50.44,-40.66
50.46,-40.22
50.48,-41.38
50.5,-39.89
50.52,-38.8
50.54,-40.64
50.56,-40.39
50.58,-40.66
50.6,-41.11
50.62,-40.34
50.64,-40.5
50.66,-39.92
50.68,-39.22
50.7,-40.87
50.72,-40.21
50.74,-40.24
50.76,-40.72
50.78,-39.98
50.8,-40.69
50.82,-40.2
50.84,-41.12
50.86,-40.64
50.88,-39.87
50.9,-40.33
50.92,-39.71
50.94,-40.39
50.96,-41.84
50.98,-40.59
51,-39.69
51.02,-41.01
51.04,-39.97
51.06,-39.86
51.08,-40.24
51.1,-40.05
51.12,-41.28
51.14,-40.89
51.16,-40.19
51.18,-41.31
51.2,-40
51.22,-39.83
51.24,-41.12
51.26,-40.33
51.28,-41.07
51.3,-41.28
51.32,-40.56
51.34,-39.86
51.36,-39.4
51.38,-40.77
51.4,-39.71
51.42,-40.23
51.44,-39.8
51.46,-39.91
51.48,-40.25
51.5,-40.85
51.52,-41.89
51.54,-40.5
51.56,-40.6
51.58,-41.42
51.6,-41.75
51.62,-40.31
51.64,-41.8
51.66,-40.17
51.68,-39.46
51.7,-38.9
51.72,-39.03
51.74,-38.98
51.76,-39.41
51.78,-39.35
51.8,-39.49
51.82,-40.2
51.84,-40.38
51.86,-39.46
51.88,-39.78
51.9,-39.69
51.92,-39.96
51.94,-38.57
51.96,-39.44
51.98,-39.31
52,-39.09
52.02,-39.41
52.04,-39.58
52.06,-39.81
52.08,-39.88
52.1,-39.48
52.12,-39.03
52.14,-38.81
52.16,-39.4
52.18,-39.3
52.2,-38.88
52.22,-38.29
52.24,-39.02
52.26,-38.63
52.28,-39.77
52.3,-39.01
52.32,-39.96
52.34,-39.06
52.36,-39.5
52.38,-39.94
52.4,-40.07
52.42,-38.89
52.44,-39.69
52.46,-39.18
52.48,-38.79
52.5,-38.2
52.52,-39.45
52.54,-39.89
52.56,-39.45
52.58,-38.68
52.6,-38.84
52.62,-39.89
52.64,-40.09
52.66,-39.56
52.68,-39.45
52.7,-39.4
52.72,-39.73
52.74,-39.35
52.76,-39.86
52.78,-39.43
52.8,-38.42
52.82,-39.62
52.84,-39.1
52.86,-39.32
52.88,-38.94
52.9,-39.71
52.92,-39.35
52.94,-39.4
52.96,-39.33
52.98,-39.11
53,-39.39
53.02,-38.21
53.04,-39.11
53.06,-38.83
53.08,-39.6
53.1,-39.58
53.12,-39.3
53.14,-39.44
53.16,-38.53
53.18,-40.58
53.2,-39.04
53.22,-38.49
53.24,-38.28
53.26,-38.59
53.28,-38.72
53.3,-38.82
53.32,-39.64
53.34,-39.77
53.36,-37.88
53.38,-38.22
53.4,-39.59
53.42,-39.4
53.44,-38.67
53.46,-38.86
53.48,-39.25
53.5,-38.16
53.52,-39.24
53.54,-38.72
53.56,-39.14
53.58,-38.35
53.6,-38.86
53.62,-38.06
53.64,-37.96
53.66,-39.63
53.68,-38.76
53.7,-39.8
53.72,-39.12
53.74,-39.02
53.76,-39.72
53.78,-38.37
53.8,-38.3
53.82,-38.88
53.84,-38.25
53.86,-38.29
53.88,-37.71
53.9,-37.51
53.92,-38.19
53.94,-38.78
53.96,-38.85
53.98,-41.23
54,-41.31
54.02,-41.63
54.04,-39.3
54.06,-38.65
54.08,-38.43
54.1,-38.94
54.12,-38.63
54.14,-39.12
54.16,-39.16
54.18,-39.61
54.2,-37.76
54.22,-39.94
54.24,-43.59
54.26,-41.93
54.28,-42.59
54.3,-42.82
54.32,-43.08
54.34,-41.81
54.36,-42.99
54.38,-42.11
54.4,-42.96
54.42,-42.65
54.44,-43.31
54.46,-41.74
54.48,-43.71
54.5,-43.64
54.52,-42.42
54.54,-42.61
54.56,-43.23
54.58,-42.69
54.6,-42
54.62,-42.15
54.64,-43.16
54.66,-42.64
54.68,-41.7
54.7,-42.69
54.72,-42.3
54.74,-43.03
54.76,-42.69
54.78,-40.8
54.8,-41.04
54.82,-43.39
54.84,-40.94
54.86,-42.63
54.88,-41.02
54.9,-41.13
54.92,-39.07
54.94,-37.64
54.96,-37.08
54.98,-38.86
55,-40.23
55.02,-43.11
55.04,-42.3
55.06,-43.03
55.08,-42.81
55.1,-42.46
55.12,-44.05
55.14,-41.11
55.16,-41.89
55.18,-43.56
55.2,-42.14
55.22,-42.71
55.24,-43.56
55.26,-42.03
55.28,-43.96
55.3,-43.46
55.32,-42.57
55.34,-40.96
55.36,-41.54
55.38,-41.31
55.4,-41.28
55.42,-42.1
55.44,-39.71
55.46,-37.83
55.48,-39.34
55.5,-39.2
55.52,-39.55
55.54,-38.67
55.56,-39.96
55.58,-38.98
55.6,-40
55.62,-39.58
55.64,-39.48
55.66,-39.37
55.68,-39.31
55.7,-38.21
55.72,-39.07
55.74,-38.97
55.76,-39.77
55.78,-39.87
55.8,-41.11
55.82,-41.96
55.84,-44.06
55.86,-44
55.88,-40.61
55.9,-43.12
55.92,-43.54
55.94,-43.58
55.96,-42.5
55.98,-42.05
56,-44.22
56.02,-42.32
56.04,-42.24
56.06,-42.98
56.08,-43.18
56.1,-42.26
56.12,-41.88
56.14,-41.45
56.16,-41.98
56.18,-43.06
56.2,-43.26
56.22,-42.31
56.24,-41.85
56.26,-41.01
56.28,-43.51
56.3,-42.83
56.32,-41.92
56.34,-41.71
56.36,-42.35
56.38,-43.53
56.4,-41.82
56.42,-41.57
56.44,-42.11
56.46,-42.31
56.48,-41.26
56.5,-41.05
56.52,-41.37
56.54,-40.79
56.56,-41.49
56.58,-41.26
56.6,-41.04
56.62,-40.62
56.64,-40.26
56.66,-40.54
56.68,-40.83
56.7,-39.77
56.72,-39.54
56.74,-40.32
56.76,-39.99
56.78,-40.23
56.8,-40.48
56.82,-39.28
56.84,-40.36
56.86,-41.04
56.88,-41.44
56.9,-40.03
56.92,-40.16
56.94,-40.1
56.96,-40.58
56.98,-41.01
57,-40.63
57.02,-39.37
57.04,-40.95
57.06,-41.48
57.08,-41.67
57.1,-40.14
57.12,-40.83
57.14,-40.46
57.16,-40.8
57.18,-40.67
57.2,-39.53
57.22,-40.79
57.24,-40.53
57.26,-40.43
57.28,-40.64
57.3,-40.69
57.32,-39.97
57.34,-39.92
57.36,-39.3
57.38,-39.72
57.4,-39.73
57.42,-40.48
57.44,-39.38
57.46,-39.61
57.48,-39.24
57.5,-40.63
57.52,-39.16
57.54,-39.04
57.56,-39.48
57.58,-40.01
57.6,-38.17
57.62,-39.17
57.64,-39.66
57.66,-38.46
57.68,-40.59
57.7,-39.21
57.72,-39.59
57.74,-39.53
57.76,-39.08
57.78,-38.8
57.8,-38.59
57.82,-38.76
57.84,-38.88
57.86,-38.81
57.88,-38.26
57.9,-39.6
57.92,-39.97
57.94,-40.21
57.96,-40.01
57.98,-40.02
58,-38.17
58.02,-38.26
58.04,-38.92
58.06,-42.24
58.08,-42.1
58.1,-41.46
58.12,-42.91
58.14,-41.18
58.16,-42.57
58.18,-40.52
58.2,-38.39
58.22,-38.96
58.24,-37.84
58.26,-38.71
58.28,-42.03
58.3,-41.86
58.32,-41
58.34,-43.11
58.36,-42.13
58.38,-43.1
58.4,-41.94
58.42,-43.46
58.44,-41.94
58.46,-41.94
58.48,-42.29
58.5,-43.36
58.52,-42.02
58.54,-42.57
58.56,-41.92
58.58,-40.69
58.6,-40.96
58.62,-40.94
58.64,-39.03
58.66,-39.39
58.68,-38.98
58.7,-39.94
58.72,-38.21
58.74,-39.35
58.76,-39.84
58.78,-40.37
58.8,-41.51
58.82,-40.6
58.84,-40.52
58.86,-40.33
58.88,-38.86
58.9,-39.38
58.92,-38.44
58.94,-38.65
58.96,-38.42
58.98,-37.91
59,-38.37
59.02,-38.16
59.04,-37.59
59.06,-37.81
59.08,-40.86
59.1,-42.17
59.12,-42.71
59.14,-41.93
59.16,-44.18
59.18,-41.74
59.2,-42.64
59.22,-43.14
59.24,-44.35
59.26,-42.76
59.28,-41.3
59.3,-42.48
59.32,-40.53
59.34,-37.6
59.36,-38.46
59.38,-37.7
59.4,-37.7
59.42,-38.16
59.44,-39.78
59.46,-42.31
59.48,-41.86
59.5,-41.75
59.52,-42.8
59.54,-44.27
59.56,-44.2
59.58,-42.53
59.6,-43.73
59.62,-43.68
59.64,-42.81
59.66,-43.24
59.68,-42.71
59.7,-42.9
59.72,-42.13
59.74,-41.62
59.76,-41.98
59.78,-43.74
59.8,-42.79
59.82,-44.04
59.84,-44.15
59.86,-43.67
59.88,-42.12
59.9,-43.86
59.92,-42.74
59.94,-41.56
59.96,-42.86
59.98,-43.55
60,-43.35
